legislature,position_cancidady_code,short_name,name,parties_code,source,observations
0,AP,AP,ALIANZA POPULAR,"es-100042,es-100001,es-100039,es-100040,es-100010,es-100035",http://www.juntaelectoralcentral.es/cs/jec/documentos/GENERALES_1977_Candidaturas.pdf,
0,CAIC,CAIC,CANDIDATURA ARAGONESA INDEPENDIENTE DE CENTRO,es-100005,http://www.juntaelectoralcentral.es/cs/jec/documentos/GENERALES_1977_Candidaturas.pdf,
0,CIC,CIC,CANDIDATURA INDEPENDIENTE DE CENTRO,es-100006,http://www.juntaelectoralcentral.es/cs/jec/documentos/GENERALES_1977_Candidaturas.pdf,
0,EC,EC,ESQUERRA DE CATALUNYA,"es-100031,es-166,es-234",http://www.juntaelectoralcentral.es/cs/jec/documentos/GENERALES_1977_Candidaturas.pdf,
0,EE,EE,EUSKADIKO EZQUERRA-IZQUIERDA DE EUSKADI,"es-100018,es-100017",http://www.juntaelectoralcentral.es/cs/jec/documentos/GENERALES_1977_Candidaturas.pdf,
0,PCE,PCE,PARTIDO COMUNISTA DE ESPAÑA,es-49,http://www.juntaelectoralcentral.es/cs/jec/documentos/GENERALES_1977_Candidaturas.pdf,
0,PCE-PCPV,PCPV,PARTIT COMUNISTA DEL PAIS VALENCIA,es-787,http://www.juntaelectoralcentral.es/cs/jec/documentos/GENERALES_1977_Candidaturas.pdf,
0,PDC,PDC,PACTE DEMOCRATIC PER CATALUNYA,"es-71,es-100032,es-100016,es-2268",http://www.juntaelectoralcentral.es/cs/jec/documentos/GENERALES_1977_Candidaturas.pdf,
0,PNV,PNV,PARTIDO NACIONALISTA VASCO-EUZKO ALDERDI JELTZALEA,es-170,http://www.juntaelectoralcentral.es/cs/jec/documentos/GENERALES_1977_Candidaturas.pdf,
0,PSC-PSOE,PSC-PSOE,PARTIT DELS SOCIALISTES DE CATALUNYA,es-351,http://www.juntaelectoralcentral.es/cs/jec/documentos/GENERALES_1977_Candidaturas.pdf,
0,"PSOE,PSE-PSOE",PSOE,PARTIDO SOCIALISTA OBRERO ESPAÑOL,es-46,http://www.juntaelectoralcentral.es/cs/jec/documentos/GENERALES_1977_Candidaturas.pdf,
0,PSUC,PSUC,PARTIT SOCIALISTA UNIFICAT DE CATALUNYA,es-60,http://www.juntaelectoralcentral.es/cs/jec/documentos/GENERALES_1977_Candidaturas.pdf,
0,"UCD,CC-UCD",UCD,UNION DE CENTRO DEMOCRATICO,es-282,http://www.juntaelectoralcentral.es/cs/jec/documentos/GENERALES_1977_Candidaturas.pdf,
0,UCIDCC,UC-DCC,UNIO DEL CENTRE I LA DEMOCRACIA CRISTIANA DE CATALUNYA,es-100038,http://www.juntaelectoralcentral.es/cs/jec/documentos/GENERALES_1977_Candidaturas.pdf,
0,"US,US-PSP",US,UNIDAD SOCIALISTA,"es-100030,es-100028,es-2322,es-100027,es-100029,es-100033,es-100021,es-100034",http://www.juntaelectoralcentral.es/cs/jec/documentos/GENERALES_1977_Candidaturas.pdf,
1,CC-UCD,CC-UCD,CENTRISTES DE CATALUNYA,es-444,http://www.juntaelectoralcentral.es/cs/jec/documentos/GENERALES_1979_Candidaturas.pdf,
1,CD,CD,COALICIÓN DEMOCRATICA,"es-171,es-317,es-100024,es-100036,es-45,es-100025,es-100002,es-100004,es-100011,es-100008",http://www.juntaelectoralcentral.es/cs/jec/documentos/GENERALES_1979_Candidaturas.pdf,
1,CIU,CiU,CONVERGÈNCIA i UNIÓ,"es-71,es-100041",http://www.juntaelectoralcentral.es/cs/jec/documentos/GENERALES_1979_Candidaturas.pdf,
1,EE,EE,EUSKADIKO EZQUERRA-IZQUIERDA DE EUSKADI,es-555,http://www.juntaelectoralcentral.es/cs/jec/documentos/GENERALES_1979_Candidaturas.pdf,
1,ERC,ERC,ESQUERRA REPUBLICANA DE CATALUNYA,es-166,http://www.juntaelectoralcentral.es/cs/jec/documentos/GENERALES_1979_Candidaturas.pdf,
1,HB,HB,HERRI BATASUNA,es-100020,http://www.juntaelectoralcentral.es/cs/jec/documentos/GENERALES_1979_Candidaturas.pdf,
1,PAR,PAR,PARTIDO ARAGONES REGIONALISTA,es-315,http://www.juntaelectoralcentral.es/cs/jec/documentos/GENERALES_1979_Candidaturas.pdf,
1,PCE,PCE,PARTIDO COMUNISTA DE ESPAÑA,es-49,http://www.juntaelectoralcentral.es/cs/jec/documentos/GENERALES_1979_Candidaturas.pdf,
1,PCPV,PCPV,PARTIT COMUNISTA DEL PAIS VALENCIA,es-787,http://www.juntaelectoralcentral.es/cs/jec/documentos/GENERALES_1979_Candidaturas.pdf,
1,PNV,PNV-EAJ,PARTIDO NACIONALISTA VASCO,es-170,http://www.juntaelectoralcentral.es/cs/jec/documentos/GENERALES_1979_Candidaturas.pdf,
1,PSA,PSA,PARTIDO SOCIALISTA DE ANDALUCIA PARTIDO ANDALUZ,es-2322,http://www.juntaelectoralcentral.es/cs/jec/documentos/GENERALES_1979_Candidaturas.pdf,
1,PSC-PSOE,PSC-PSOE,PARTIT DELS SOCIALISTES DE CATALUNYA,es-351,http://www.juntaelectoralcentral.es/cs/jec/documentos/GENERALES_1979_Candidaturas.pdf,
1,"PSOE,PSE-PSOE",PSOE,PARTIDO SOCIALISTA OBRERO ESPAÑOL,es-46,http://www.juntaelectoralcentral.es/cs/jec/documentos/GENERALES_1979_Candidaturas.pdf,Los diputados del PSE-PSOE forman parte de la candidatura PSOE
1,PSUC,PSUC,PARTIT SOCIALISTA UNIFICAT DE CATALUNYA,es-60,http://www.juntaelectoralcentral.es/cs/jec/documentos/GENERALES_1979_Candidaturas.pdf,
1,UCD,UCD,UNION DE CENTRO DEMOCRATICO,es-282,http://www.juntaelectoralcentral.es/cs/jec/documentos/GENERALES_1979_Candidaturas.pdf,
1,UN,UN,UNIDAD NACIONAL,"es-1380,es-7,es-100009,es-2319,es-304",http://www.juntaelectoralcentral.es/cs/jec/documentos/GENERALES_1979_Candidaturas.pdf,
1,UPC,UPC,UNION DEL PUEBLO CANARIO,es-603,http://www.juntaelectoralcentral.es/cs/jec/documentos/GENERALES_1979_Candidaturas.pdf,
1,UPN,UPN,UNION DEL PUEBLO NAVARRO,es-372,http://www.juntaelectoralcentral.es/cs/jec/documentos/GENERALES_1979_Candidaturas.pdf,
2,CD,CD,COALICIÓN DEMOCRATICA,"es-171,es-317,es-100024,es-100036,es-45,es-100025,es-100002,es-100004,es-100011,es-100008",http://www.juntaelectoralcentral.es/cs/jec/documentos/GENERALES_1982_Candidaturas.pdf,
2,CDS,CDS,CENTRO DEMOCRATICO Y SOCIAL,es-560,http://www.juntaelectoralcentral.es/cs/jec/documentos/GENERALES_1982_Candidaturas.pdf,
2,CIU,CiU,CONVERGÈNCIA i UNIÓ,"es-71,es-100041",http://www.juntaelectoralcentral.es/cs/jec/documentos/GENERALES_1982_Candidaturas.pdf,
2,EE,EE,EUSKADIKO EZKERRA,es-555,http://www.juntaelectoralcentral.es/cs/jec/documentos/GENERALES_1982_Candidaturas.pdf,
2,ERC,ERC,ESQUERRA REPUBLICANA DE CATALUNYA,es-166,http://www.juntaelectoralcentral.es/cs/jec/documentos/GENERALES_1982_Candidaturas.pdf,
2,HB,HB,HERRI BATASUNA,es-100020,http://www.juntaelectoralcentral.es/cs/jec/documentos/GENERALES_1982_Candidaturas.pdf,
2,PCE,PCE,PARTIDO COMUNISTA DE ESPAÑA,es-49,http://www.juntaelectoralcentral.es/cs/jec/documentos/GENERALES_1982_Candidaturas.pdf,
2,PNV,PNV,PARTIDO NACIONALISTA VASCO,es-170,http://www.juntaelectoralcentral.es/cs/jec/documentos/GENERALES_1982_Candidaturas.pdf,
2,PSOE,PSOE,PARTIDO SOCIALISTA OBRERO ESPAÑOL,es-46,http://www.juntaelectoralcentral.es/cs/jec/documentos/GENERALES_1982_Candidaturas.pdf,
2,PSUC,PSUC,PARTIT SOCIALISTA UNIFICAT DE CATALUNYA,es-60,http://www.juntaelectoralcentral.es/cs/jec/documentos/GENERALES_1982_Candidaturas.pdf,
2,UCD,UCD,UNION DE CENTRO DEMOCRATICO,es-282,http://www.juntaelectoralcentral.es/cs/jec/documentos/GENERALES_1982_Candidaturas.pdf,
3,AIC,AIC,COALICION AGRUPACIONES DE INDEPENDIENTES DE CANARIAS,es-778,http://www.juntaelectoralcentral.es/cs/jec/documentos/GENERALES_1986_Candidaturas.pdf,
3,CDS,CDS,CENTRO DEMOCRATICO Y SOCIAL,es-560,http://www.juntaelectoralcentral.es/cs/jec/documentos/GENERALES_1986_Candidaturas.pdf,
3,CG,CG,COALICION GALEGA,es-676,http://www.juntaelectoralcentral.es/cs/jec/documentos/GENERALES_1986_Candidaturas.pdf,
3,CIU,CiU,CONVERGÈNCIA i UNIÓ,"es-71,es-100041",http://www.juntaelectoralcentral.es/cs/jec/documentos/GENERALES_1986_Candidaturas.pdf,
3,CP,CP,COALICION POPULAR,"es-171,es-100023,es-100026,es-552,es-372,es-315,es-100007",http://www.juntaelectoralcentral.es/cs/jec/documentos/GENERALES_1986_Candidaturas.pdf,
3,EE,EE,EUSKADIKO EZKERRA,es-555,http://www.juntaelectoralcentral.es/cs/jec/documentos/GENERALES_1986_Candidaturas.pdf,
3,HB,HB,HERRI BATASUNA,es-100020,http://www.juntaelectoralcentral.es/cs/jec/documentos/GENERALES_1986_Candidaturas.pdf,
3,IU,IU,IZQUIERDA UNIDA,"es-49,es-60,es-617,es-625,es-558,es-294,es-709,es-686,es-50",http://www.juntaelectoralcentral.es/cs/jec/documentos/GENERALES_1986_Candidaturas.pdf,
3,PAR,PAR,PARTIDO ARAGONES REGIONALISTA,es-315,http://www.juntaelectoralcentral.es/cs/jec/documentos/GENERALES_1986_Candidaturas.pdf,
3,PNV,EAJ-PNV,PARTIDO NACIONALISTA VASCO,es-170,http://www.juntaelectoralcentral.es/cs/jec/documentos/GENERALES_1986_Candidaturas.pdf,
3,"PSC,PSC-PSOE",PSC-PSOE,PARTIT DELS SOCIALISTES DE CATALUNYA,es-351,http://www.juntaelectoralcentral.es/cs/jec/documentos/GENERALES_1986_Candidaturas.pdf,Un diputado aparece solo como PSC pero forma parte de la candidatura PSC-PSOE
3,PSOE,PSOE,PARTIDO SOCIALISTA OBRERO ESPAÑOL,es-46,http://www.juntaelectoralcentral.es/cs/jec/documentos/GENERALES_1986_Candidaturas.pdf,
3,UEC,UEC-PSUC-ENE,COALICIO UNIO DE L'ESQUERRA CATALANA,"es-60,es-437",http://www.juntaelectoralcentral.es/cs/jec/documentos/GENERALES_1986_Candidaturas.pdf,
3,UV,UV,UNIO VALENCIANA,es-552,http://www.juntaelectoralcentral.es/cs/jec/documentos/GENERALES_1986_Candidaturas.pdf,
4,AIC,AIC,AGRUPACIONES INDEPENDIENTES DE CANARIAS,es-778,http://www.juntaelectoralcentral.es/cs/jec/documentos/GENERALES_1989_Candidaturas.pdf,
4,CDS,CDS,CENTRO DEMOCRATICO Y SOCIAL,es-560,http://www.juntaelectoralcentral.es/cs/jec/documentos/GENERALES_1989_Candidaturas.pdf,
4,CIU,CiU,CONVERGÈNCIA i UNIÓ,"es-71,es-100041",http://www.juntaelectoralcentral.es/cs/jec/documentos/GENERALES_1989_Candidaturas.pdf,
4,EA,EA,EUSKO ALKARTASUNA,es-807,http://www.juntaelectoralcentral.es/cs/jec/documentos/GENERALES_1989_Candidaturas.pdf,
4,EAJ-PNV,EAJ-PNV,EUZKO ALDERDI JELTZALEA-PARTIDO NACIONALISTA VASCO,es-170,http://www.juntaelectoralcentral.es/cs/jec/documentos/GENERALES_1989_Candidaturas.pdf,
4,EE,EE,EUSKADIKO EZKERRA,es-555,http://www.juntaelectoralcentral.es/cs/jec/documentos/GENERALES_1989_Candidaturas.pdf,
4,HB,HB,HERRI BATASUNA,es-100020,http://www.juntaelectoralcentral.es/cs/jec/documentos/GENERALES_1989_Candidaturas.pdf,
4,IC,IC,INICIATIVA PER CATALUNYA,es-876,http://www.juntaelectoralcentral.es/cs/jec/documentos/GENERALES_1989_Candidaturas.pdf,
4,"IU,IU-A",IU,IZQUIERDA UNIDA,es-1309,http://www.juntaelectoralcentral.es/cs/jec/documentos/GENERALES_1989_Candidaturas.pdf,La federación IU-A no aparece en el registro de partidos y pero no parece haberse disuelto
4,IU-CA,IU-CA,IZQUIERDA UNIDA CONVOCATORIA POR ANDALUCIA,es-1309,http://www.juntaelectoralcentral.es/cs/jec/documentos/GENERALES_1989_Candidaturas.pdf,
4,"IU-EUPV,IU-EU",IU-EUPV,IZQUIERDA UNIDA-ESQUERRA UNIDA DEL PAIS VALENCIA,"es-1309,es-1266",http://www.juntaelectoralcentral.es/cs/jec/documentos/GENERALES_1989_Candidaturas.pdf,"En Alicante el nombre de la candidatura empieza por ""COALICIÓN DE"""
4,PA,PA,PARTIDO ANDALUCISTA,es-2322,http://www.juntaelectoralcentral.es/cs/jec/documentos/GENERALES_1989_Candidaturas.pdf,
4,PAR,PAR,PARTIDO ARAGONES REGIONALISTA,es-315,http://www.juntaelectoralcentral.es/cs/jec/documentos/GENERALES_1989_Candidaturas.pdf,
4,PNV,PNV-EAJ,PARTIDO NACIONALISTA VASCO-EUZKO ALDERDI JELTZALEA,es-170,http://www.juntaelectoralcentral.es/cs/jec/documentos/GENERALES_1989_Candidaturas.pdf,
4,PP,PP,PARTIDO POPULAR,es-244,http://www.juntaelectoralcentral.es/cs/jec/documentos/GENERALES_1989_Candidaturas.pdf,
4,PP-CG,PP-C de G,PARTIDO POPULAR-CENTRISTAS DE GALICIA,"es-244,es-676",http://www.juntaelectoralcentral.es/cs/jec/documentos/GENERALES_1989_Candidaturas.pdf,
4,PSC-PSOE,PSC-PSOE,PARTIT DELS SOCIALISTES DE CATALUNYA,es-351,http://www.juntaelectoralcentral.es/cs/jec/documentos/GENERALES_1989_Candidaturas.pdf,
4,PSE-PSOE,PSOE,PARTIDO SOCIALISTA DE EUSKADI,es-90,http://www.juntaelectoralcentral.es/cs/jec/documentos/GENERALES_1989_Candidaturas.pdf,
4,PSG-PSOE,PSG-EG,PARTIDO SOCIALISTA GALEGO-ESQUERDA GALEGA,es-46,http://www.juntaelectoralcentral.es/cs/jec/documentos/GENERALES_1989_Candidaturas.pdf,
4,"PSOE,PSOE-A",PSOE,PARTIDO SOCIALISTA OBRERO ESPAÑOL,es-46,http://www.juntaelectoralcentral.es/cs/jec/documentos/GENERALES_1989_Candidaturas.pdf,La federación PSOE-A no aparece en el registro de partidos y pero no parece haberse disuelto
4,UPN-PP,UPN-PP,UNIÓN DEL PUEBLO NAVARRO EN COALICIÓN CON EL PARTIDO POPULAR,"es-244,es-372",http://www.juntaelectoralcentral.es/cs/jec/documentos/GENERALES_1989_Candidaturas.pdf,
4,UV,UV,UNIO VALENCIANA,es-552,http://www.juntaelectoralcentral.es/cs/jec/documentos/GENERALES_1989_Candidaturas.pdf,
5,CC,CC,COALICION CANARIA,es-1807,http://www.juntaelectoralcentral.es/cs/jec/documentos/GENERALES_1993_Candidaturas.pdf,
5,CIU,CiU,CONVERGÈNCIA i UNIÓ,"es-71,es-100041",http://www.juntaelectoralcentral.es/cs/jec/documentos/GENERALES_1993_Candidaturas.pdf,
5,EA-EE,EA-EUE,EUSKO ALKARTASUNA-EUSKAL EZKERRA,"es-807,es-555",http://www.juntaelectoralcentral.es/cs/jec/documentos/GENERALES_1993_Candidaturas.pdf,
5,EAJ-PNV,EAJ-PNV,EUZKO ALDERDI JELTZALEA-PARTIDO NACIONALISTA VASCO,es-170,http://www.juntaelectoralcentral.es/cs/jec/documentos/GENERALES_1993_Candidaturas.pdf,
5,ERC,ERC,ESQUERRA REPUBLICANA DE CATALUNYA,es-166,http://www.juntaelectoralcentral.es/cs/jec/documentos/GENERALES_1993_Candidaturas.pdf,
5,HB,HB,HERRI BATASUNA,es-100020,http://www.juntaelectoralcentral.es/cs/jec/documentos/GENERALES_1993_Candidaturas.pdf,
5,IC,IC,INICIATIVA PER CATALUNYA,es-876,http://www.juntaelectoralcentral.es/cs/jec/documentos/GENERALES_1993_Candidaturas.pdf,
5,"IU,IU-A",IU,IZQUIERDA UNIDA,es-1309,http://www.juntaelectoralcentral.es/cs/jec/documentos/GENERALES_1993_Candidaturas.pdf,La federación IU-A no aparece en el registro de partidos y pero no parece haberse disuelto
5,IU-CA,IU-CA,IZQUIERDA UNIDA CONVOCATORIA POR ANDALUCIA,es-1309,http://www.juntaelectoralcentral.es/cs/jec/documentos/GENERALES_1993_Candidaturas.pdf,
5,"IU-EUPV,IU-EU",EUPV,ESQUERRA UNIDA DEL PAIS VALENCIA,"es-1309,es-1266",http://www.juntaelectoralcentral.es/cs/jec/documentos/GENERALES_1993_Candidaturas.pdf,El único diputado que aparece con formación IU-EU forma parte de la candidatura EUPV
5,PAR,PAR,PARTIDO ARAGONES REGIONALISTA,es-315,http://www.juntaelectoralcentral.es/cs/jec/documentos/GENERALES_1993_Candidaturas.pdf,
5,PP,PP,PARTIDO POPULAR,es-244,http://www.juntaelectoralcentral.es/cs/jec/documentos/GENERALES_1993_Candidaturas.pdf,
5,PSC-PSOE,PSC-PSOE,PARTIT DELS SOCIALISTES DE CATALUNYA,es-351,http://www.juntaelectoralcentral.es/cs/jec/documentos/GENERALES_1993_Candidaturas.pdf,
5,PSE-EE,PSE-EE/PSOE,PARTIDO SOCIALISTA DE EUSKADI-EUSKADIKO EZKERRA,es-1356,http://www.juntaelectoralcentral.es/cs/jec/documentos/GENERALES_1993_Candidaturas.pdf,
5,PSG-PSOE,PSdeG-PSOE,PARTIDO SOCIALISTA DE GALICIA-PARTIDO SOCIALISTA OBRERO ESPAÑOL,es-46,http://www.juntaelectoralcentral.es/cs/jec/documentos/GENERALES_1993_Candidaturas.pdf,
5,"PSOE,PSOE-A",PSOE,PARTIDO SOCIALISTA OBRERO ESPAÑOL,es-46,http://www.juntaelectoralcentral.es/cs/jec/documentos/GENERALES_1993_Candidaturas.pdf,La federación PSOE-A no aparece en el registro de partidos y pero no parece haberse disuelto
5,UPN-PP,UPN-PP,UNIÓN DEL PUEBLO NAVARRO EN COALICIÓN CON EL PARTIDO POPULAR,"es-244,es-372",http://www.juntaelectoralcentral.es/cs/jec/documentos/GENERALES_1993_Candidaturas.pdf,
5,UV,UV,UNIO VALENCIANA,es-552,http://www.juntaelectoralcentral.es/cs/jec/documentos/GENERALES_1993_Candidaturas.pdf,
6,BNG,BNG,BLOQUE NACIONALISTA GALEGO,es-1765,http://www.juntaelectoralcentral.es/cs/jec/documentos/GENERALES_1996_Candidaturas.pdf,
6,CC,CC,COALICION CANARIA,es-1807,http://www.juntaelectoralcentral.es/cs/jec/documentos/GENERALES_1996_Candidaturas.pdf,
6,CIU,CiU,CONVERGÈNCIA i UNIÓ,"es-71,es-100041",http://www.juntaelectoralcentral.es/cs/jec/documentos/GENERALES_1996_Candidaturas.pdf,
6,EA,EA,EUSKO ALKARTASUNA,es-807,http://www.juntaelectoralcentral.es/cs/jec/documentos/GENERALES_1996_Candidaturas.pdf,
6,EAJ-PNV,EAJ-PNV,EUZKO ALDERDI JELTZALEA-PARTIDO NACIONALISTA VASCO,es-170,http://www.juntaelectoralcentral.es/cs/jec/documentos/GENERALES_1996_Candidaturas.pdf,
6,ERC,ERC,ESQUERRA REPUBLICANA DE CATALUNYA,es-166,http://www.juntaelectoralcentral.es/cs/jec/documentos/GENERALES_1996_Candidaturas.pdf,
6,EUPV,EUPV,ESQUERRA UNIDA DEL PAIS VALENCIA,es-1266,http://www.juntaelectoralcentral.es/cs/jec/documentos/GENERALES_1996_Candidaturas.pdf,
6,IC-EV,IC-EV,INICIATIVA PER CATALUNYA-ELS VERDS,es-876,http://www.juntaelectoralcentral.es/cs/jec/documentos/GENERALES_1996_Candidaturas.pdf,
6,IU,IU,IZQUIERDA UNIDA,es-1309,http://www.juntaelectoralcentral.es/cs/jec/documentos/GENERALES_1996_Candidaturas.pdf,
6,IU-EB,IU-EB,IZQUIERDA UNIDA-EZKER BATUA,es-1309,http://www.juntaelectoralcentral.es/cs/jec/documentos/GENERALES_1996_Candidaturas.pdf,
6,IU-EUPV,EUPV,ESQUERRA UNIDA DEL PAÍS VALENCIÀ,"es-1309,es-1266",http://www.juntaelectoralcentral.es/cs/jec/documentos/GENERALES_1996_Candidaturas.pdf,
6,IU-LV,IU-LV,IZQUIERDA UNIDA-LOS VERDES,es-1309,http://www.juntaelectoralcentral.es/cs/jec/documentos/GENERALES_1996_Candidaturas.pdf,
6,IU-LV-CA,IULV-CA,IZQUIERDA UNIDA LOS VERDESCONVOCATORIA POR ANDALUCÍA,es-1747,http://www.juntaelectoralcentral.es/cs/jec/documentos/GENERALES_1996_Candidaturas.pdf,
6,PP,PP,PARTIDO POPULAR,es-244,http://www.juntaelectoralcentral.es/cs/jec/documentos/GENERALES_1996_Candidaturas.pdf,
6,PP-PAR,PP-PAR,PARTIDO POPULAR EN COALICIÓN CON EL PARTIDO ARAGONÉS,"es-244,es-315",http://www.juntaelectoralcentral.es/cs/jec/documentos/GENERALES_1996_Candidaturas.pdf,
6,PSC-PSOE,PSC-PSOE,PARTIT DELS SOCIALISTES DE CATALUNYA,es-351,http://www.juntaelectoralcentral.es/cs/jec/documentos/GENERALES_1996_Candidaturas.pdf,
6,PSE-EE,PSE-EE/PSOE,PARTIDO SOCIALISTA DE EUSKADI-EUSKADIKO EZKERRA,es-1356,http://www.juntaelectoralcentral.es/cs/jec/documentos/GENERALES_1996_Candidaturas.pdf,
6,PSG-PSOE,PSdeG-PSOE,PARTIDO DE LOS SOCIALISTAS DE GALICIA-PSOE,es-46,http://www.juntaelectoralcentral.es/cs/jec/documentos/GENERALES_1996_Candidaturas.pdf,
6,PSOE,PSOE,PARTIDO SOCIALISTA OBRERO ESPAÑOL,es-46,http://www.juntaelectoralcentral.es/cs/jec/documentos/GENERALES_1996_Candidaturas.pdf,
6,PSOE-A,PSOE,PARTIDO SOCIALISTA OBRERO ESPAÑOL,es-46,http://www.juntaelectoralcentral.es/cs/jec/documentos/GENERALES_1996_Candidaturas.pdf,La federación no aparece en el registro de partidos y pero no parece haberse disuelto
6,UPN-PP,UPN-PP,UNIÓN DEL PUEBLO NAVARRO-PARTIDO POPULAR,"es-244,es-372",http://www.juntaelectoralcentral.es/cs/jec/documentos/GENERALES_1996_Candidaturas.pdf,
6,UV,UV,UV,es-552,http://www.juntaelectoralcentral.es/cs/jec/documentos/GENERALES_1996_Candidaturas.pdf,
7,BNG,BNG,BLOQUE NACIONALISTA GALEGO,es-1765,http://www.juntaelectoralcentral.es/cs/jec/documentos/GENERALES_2000_Candidaturas.pdf,
7,CC,CC,COALICIÓN CANARIA,es-1807,http://www.juntaelectoralcentral.es/cs/jec/documentos/GENERALES_2000_Candidaturas.pdf,
7,CHA,CHA,CHUNTA ARAGONESISTA,es-810,http://www.juntaelectoralcentral.es/cs/jec/documentos/GENERALES_2000_Candidaturas.pdf,
7,CIU,CiU,CONVERGÈNCIA i UNIÓ,"es-71,es-100041",http://www.juntaelectoralcentral.es/cs/jec/documentos/GENERALES_2000_Candidaturas.pdf,
7,EA,EA,EUSKO ALKARTASUNA,es-807,http://www.juntaelectoralcentral.es/cs/jec/documentos/GENERALES_2000_Candidaturas.pdf,
7,EAJ-PNV,EAJ-PNV,EUZKO ALDERDI JELTZALEA-PARTIDO NACIONALISTA VASCO,es-170,http://www.juntaelectoralcentral.es/cs/jec/documentos/GENERALES_2000_Candidaturas.pdf,
7,ERC,ERC,ESQUERRA REPUBLICANA DE CATALUNYA,es-166,http://www.juntaelectoralcentral.es/cs/jec/documentos/GENERALES_2000_Candidaturas.pdf,
7,EUPV,EUPV,ESQUERRA UNIDA DEL PAÍS VALENCIÀ,es-1266,http://www.juntaelectoralcentral.es/cs/jec/documentos/GENERALES_2000_Candidaturas.pdf,
7,IC-V,IC-V,INICIATIVA PER CATALUNYA-VERDS,es-876,http://www.juntaelectoralcentral.es/cs/jec/documentos/GENERALES_2000_Candidaturas.pdf,
7,IU,IU,IZQUIERDA UNIDA,es-1309,http://www.juntaelectoralcentral.es/cs/jec/documentos/GENERALES_2000_Candidaturas.pdf,
7,IU-CM,IU-CM,IZQUIERDA UNIDA DE LA COMUNIDAD DE MADRID,es-1756,http://www.juntaelectoralcentral.es/cs/jec/documentos/GENERALES_2000_Candidaturas.pdf,
7,IU-LV-CA,IULV-CA,IZQUIERDA UNIDA LOS VERDESCONVOCATORIA POR ANDALUCÍA,es-1747,http://www.juntaelectoralcentral.es/cs/jec/documentos/GENERALES_2000_Candidaturas.pdf,
7,PA,PA,PARTIDO ANDALUCISTA,es-2322,http://www.juntaelectoralcentral.es/cs/jec/documentos/GENERALES_2000_Candidaturas.pdf,
7,PP,PP,PARTIDO POPULAR,es-244,http://www.juntaelectoralcentral.es/cs/jec/documentos/GENERALES_2000_Candidaturas.pdf,
7,PP-UPM,PP-UPM,PARTIDO POPULAR EN COALICIÓN CON LA UNIÓN DEL PUEBLO MELILLENSE,"es-244,es-721",http://www.juntaelectoralcentral.es/cs/jec/documentos/GENERALES_2000_Candidaturas.pdf,
7,"PP-UPN,UPN-PP",UPN-PP,UNIÓN DEL PUEBLO NAVARRO EN COALICIÓN CON EL PARTIDO POPULAR,"es-244,es-372",http://www.juntaelectoralcentral.es/cs/jec/documentos/GENERALES_2000_Candidaturas.pdf,
7,PSC(PSC-PSOE),PSC-PSOE,PARTIT DELS SOCIALISTES DE CATALUNYA,es-351,http://www.juntaelectoralcentral.es/cs/jec/documentos/GENERALES_2000_Candidaturas.pdf,
7,PSDEG-PSOE-PROGRESISTAS,PSdeG-PSOE-progresistas,PARTIDO DE LOS SOCIALISTAS DE GALICIA-PARTIDO SOCIALISTA OBRERO ESPAÑOL,es-46,http://www.juntaelectoralcentral.es/cs/jec/documentos/GENERALES_2000_Candidaturas.pdf,
7,PSE-EE (PSOE-PROGRESISTAS),PSE-EE (PSOE-progresistas),PARTIDO SOCIALISTA DE EUSKADIEUSKADIKO EZKERRA,es-1356,http://www.juntaelectoralcentral.es/cs/jec/documentos/GENERALES_2000_Candidaturas.pdf,
7,PSOE,PSOE,PARTIDO SOCIALISTA OBRERO ESPAÑOL,es-46,http://www.juntaelectoralcentral.es/cs/jec/documentos/GENERALES_2000_Candidaturas.pdf,
7,PSOE-PROGRESISTAS,PSOE-progresistas,PARTIDO SOCIALISTA OBRERO ESPAÑOL-progresistas,es-46,http://www.juntaelectoralcentral.es/cs/jec/documentos/GENERALES_2000_Candidaturas.pdf,
8,BNG,BNG,BLOQUE NACIONALISTA GALEGO,es-1765,http://www.juntaelectoralcentral.es/cs/jec/documentos/GENERALES_2004_Candidaturas.pdf,
8,"CC,NC",CC,COALICIÓN CANARIA,es-1807,http://www.juntaelectoralcentral.es/cs/jec/documentos/GENERALES_2004_Candidaturas.pdf,El diputado que aparece con formación NC forma parte de la candidatura CC
8,CHA,CHA,CHUNTA ARAGONESISTA,es-810,http://www.juntaelectoralcentral.es/cs/jec/documentos/GENERALES_2004_Candidaturas.pdf,
8,CIU,CiU,CONVERGÈNCIA i UNIÓ,"es-71,es-100041",http://www.juntaelectoralcentral.es/cs/jec/documentos/GENERALES_2004_Candidaturas.pdf,
8,EA,EA,EUSKO ALKARTASUNA,es-807,http://www.juntaelectoralcentral.es/cs/jec/documentos/GENERALES_2004_Candidaturas.pdf,
8,EAJ-PNV,EAJ-PNV,EUZKO ALDERDI JELTZALEA-PARTIDO NACIONALISTA VASCO,es-170,http://www.juntaelectoralcentral.es/cs/jec/documentos/GENERALES_2004_Candidaturas.pdf,
8,ERC,ERC,ESQUERRA REPUBLICANA DE CATALUNYA,es-166,http://www.juntaelectoralcentral.es/cs/jec/documentos/GENERALES_2004_Candidaturas.pdf,
8,ICV-EUIA,ICV-EUiA,INICIATIVA PER CATALUNYA VERDSESQUERRA UNIDA I ALTERNATIVA,"es-876,es-1875",http://www.juntaelectoralcentral.es/cs/jec/documentos/GENERALES_2004_Candidaturas.pdf,
8,IU,IU,IZQUIERDA UNIDA,es-1309,http://www.juntaelectoralcentral.es/cs/jec/documentos/GENERALES_2004_Candidaturas.pdf,
8,NA-BAI,Na-Bai,NAFARROA BAI,"es-100003,es-807,es-1118,es-170",http://www.juntaelectoralcentral.es/cs/jec/documentos/GENERALES_2004_Candidaturas.pdf,
8,PP,PP,PARTIDO POPULAR,es-244,http://www.juntaelectoralcentral.es/cs/jec/documentos/GENERALES_2004_Candidaturas.pdf,
8,PPDEC,PP,PARTIT POPULAR DE CATALUNYA,es-244,http://www.juntaelectoralcentral.es/cs/jec/documentos/GENERALES_2004_Candidaturas.pdf,
8,PSC(PSC-PSOE),PSC-PSOE,PARTIT DELS SOCIALISTES DE CATALUNYA,es-351,http://www.juntaelectoralcentral.es/cs/jec/documentos/GENERALES_2004_Candidaturas.pdf,
8,PSDEG-PSOE,PSdeG-PSOE,PARTIDO DOS SOCIALISTAS DE GALICIA-PARTIDO SOCIALISTA OBRERO ESPAÑOL,es-46,http://www.juntaelectoralcentral.es/cs/jec/documentos/GENERALES_2004_Candidaturas.pdf,
8,PSE-EE(PSOE),PSE-EE (PSOE),PARTIDO SOCIALISTA DE EUSKADI-EUSKADIKO EZKERRA,es-1356,http://www.juntaelectoralcentral.es/cs/jec/documentos/GENERALES_2004_Candidaturas.pdf,
8,"PSOE,PSOEDEANDALUCÍA",PSOE,PARTIDO SOCIALISTA OBRERO ESPAÑOL,es-46,http://www.juntaelectoralcentral.es/cs/jec/documentos/GENERALES_2004_Candidaturas.pdf,La federación PSOEDEANDALUCÍA no aparece en el registro de partidos y pero no parece haberse disuelto
8,UPN-PP,UPN-PP,UNIÓN DEL PUEBLO NAVARRO EN COALICIÓN CON EL PARTIDO POPULAR,"es-244,es-372",http://www.juntaelectoralcentral.es/cs/jec/documentos/GENERALES_2004_Candidaturas.pdf,
9,BNG,BNG,BLOQUE NACIONALISTA GALEGO,es-1765,http://www.juntaelectoralcentral.es/cs/jec/documentos/GENERALES_2008_Candidaturas.pdf,
9,"CC-PNC,CC",CC-PNC,COALICIÓN CANARIA - PARTIDO NACIONALISTA CANARIO,"es-1807,es-181",http://www.juntaelectoralcentral.es/cs/jec/documentos/GENERALES_2008_Candidaturas.pdf,Hay un diputado que aparece con formación CC pero va en la candidatura CC-PNC
9,CIU,CiU,CONVERGÈNCIA i UNIÓ,"es-71,es-100041",http://www.juntaelectoralcentral.es/cs/jec/documentos/GENERALES_2008_Candidaturas.pdf,
9,EAJ-PNV,EAJ-PNV,EUZKO ALDERDI JELTZALEA-PARTIDO NACIONALISTA VASCO,es-170,http://www.juntaelectoralcentral.es/cs/jec/documentos/GENERALES_2008_Candidaturas.pdf,
9,ERC,ESQUERRA,ESQUERRA REPUBLICANA DE CATALUNYA,es-166,http://www.juntaelectoralcentral.es/cs/jec/documentos/GENERALES_2008_Candidaturas.pdf,
9,ICV-EUIA,ICV-EUiA,INICIATIVA PER CATALUNYA VERDS-ESQUERRA UNIDA I ALTERNATIVA,"es-876,es-1875",http://www.juntaelectoralcentral.es/cs/jec/documentos/GENERALES_2008_Candidaturas.pdf,
9,IU-ALTERNATIVA,IU,IZQUIERDA UNIDA-ALTERNATIVA,es-1309,http://www.juntaelectoralcentral.es/cs/jec/documentos/GENERALES_2008_Candidaturas.pdf,
9,NA-BAI,NA-BAI,NAFARROA BAI,"es-100003,es-807,es-1118,es-170",http://www.juntaelectoralcentral.es/cs/jec/documentos/GENERALES_2008_Candidaturas.pdf,
9,PP,PP,PARTIDO POPULAR,es-244,http://www.juntaelectoralcentral.es/cs/jec/documentos/GENERALES_2008_Candidaturas.pdf,
9,PSC(PSC-PSOE),PSC-PSOE,PARTIT DELS SOCIALISTES DE CATALUNYA,es-351,http://www.juntaelectoralcentral.es/cs/jec/documentos/GENERALES_2008_Candidaturas.pdf,
9,PSDEG-PSOE,PSdeG-PSOE,PARTIDO DOS SOCIALISTAS DE GALICIA-PARTIDO SOCIALISTA OBRERO ESPAÑOL,es-46,http://www.juntaelectoralcentral.es/cs/jec/documentos/GENERALES_2008_Candidaturas.pdf,
9,PSE-EE(PSOE),PSE-EE (PSOE),PARTIDO SOCIALISTA DE EUSKADI-EUSKADIKO EZKERRA,es-1356,http://www.juntaelectoralcentral.es/cs/jec/documentos/GENERALES_2008_Candidaturas.pdf,
9,"PSOE,PSOEDEANDALUCÍA",PSOE,PARTIDO SOCIALISTA OBRERO ESPAÑOL,es-46,http://www.juntaelectoralcentral.es/cs/jec/documentos/GENERALES_2008_Candidaturas.pdf,La federación PSOEDEANDALUCÍA no aparece en el registro de partidos y pero no parece haberse disuelto
9,UPN,UPN-PP,UNIÓN DEL PUEBLO NAVARRO EN COALICIÓN CON EL PARTIDO POPULAR,es-372,http://www.juntaelectoralcentral.es/cs/jec/documentos/GENERALES_2008_Candidaturas.pdf,"Aunque los diputados tienen como formación UPN, la candidatura es UPN-PP"
9,UPYD,UPyD,UNIÓN PROGRESO Y DEMOCRACIA,es-3779,http://www.juntaelectoralcentral.es/cs/jec/documentos/GENERALES_2008_Candidaturas.pdf,
10,AMAIUR,AMAIUR,AMAIUR,"es-807,es-3881,es-100003",http://www.juntaelectoralcentral.es/cs/jec/documentos/GENERALES_2011_Candidaturas.pdf,
10,BNG,BNG,BLOQUE NACIONALISTA GALEGO,es-1765,http://www.juntaelectoralcentral.es/cs/jec/documentos/GENERALES_2011_Candidaturas.pdf,
10,CC-NC-PNC,CC-NC-PNC,COALICIÓN CANARIA-NUEVA CANARIAS,"es-1807,es-181,es-3021",http://www.juntaelectoralcentral.es/cs/jec/documentos/GENERALES_2011_Candidaturas.pdf,
10,CIU,CIU,CONVERGÈNCIA I UNIÓ,"es-71,es-100041",http://www.juntaelectoralcentral.es/cs/jec/documentos/GENERALES_2011_Candidaturas.pdf,
10,COMPROMÍS-Q,COMPROMÍS-Q,BLOC-INICIATIVA-VERDS-EQUO-COALICIÓ COMPROMÍS,"es-1869,es-3771,es-2465,es-4338",http://www.juntaelectoralcentral.es/cs/jec/documentos/GENERALES_2011_Candidaturas.pdf,
10,EAJ-PNV,EAJ-PNV,EUZKO ALDERDI JELTZALEA-PARTIDO NACIONALISTA VASCO,es-170,http://www.juntaelectoralcentral.es/cs/jec/documentos/GENERALES_2011_Candidaturas.pdf,
10,ERC-RI.CAT,ERC-RI.CAT,ESQUERRA REPUBLICANA DE CATALUNYA-CATALUNYA SÍ,"es-166,es-4708",http://www.juntaelectoralcentral.es/cs/jec/documentos/GENERALES_2011_Candidaturas.pdf,
10,FORO,FAC,FORO DE CIUDADANOS,es-4321,http://www.juntaelectoralcentral.es/cs/jec/documentos/GENERALES_2011_Candidaturas.pdf,
10,GB,GBAI,GEROA BAI,"es-170,es-4487",http://www.juntaelectoralcentral.es/cs/jec/documentos/GENERALES_2011_Candidaturas.pdf,
10,IU-IX,IU-IX,IZQUIERDA UNIDA DE ASTURIAS-IZQUIERDA XUNIDA D’ASTURIES: LA IZQUIERDA PLURAL,es-3810,http://www.juntaelectoralcentral.es/cs/jec/documentos/GENERALES_2011_Candidaturas.pdf,
10,IZQ-PLU,IU-LV,IZQUIERDA UNIDA-LOS VERDES: LA IZQUIERDA PLURAL,es-1309,http://www.juntaelectoralcentral.es/cs/jec/documentos/GENERALES_2011_Candidaturas.pdf,
10,PP,PP,PARTIDO POPULAR,es-244,http://www.juntaelectoralcentral.es/cs/jec/documentos/GENERALES_2011_Candidaturas.pdf,
10,PP-EU,PP-EU,PARTIDO POPULAR-EXTREMADURA UNIDA,"es-244,es-489",http://www.juntaelectoralcentral.es/cs/jec/documentos/GENERALES_2011_Candidaturas.pdf,
10,PP-PAR,PP-PAR,PARTIDO POPULAR EN COALICIÓN CON EL PARTIDO ARAGONÉS,"es-244,es-315",http://www.juntaelectoralcentral.es/cs/jec/documentos/GENERALES_2011_Candidaturas.pdf,
10,PSC-PSOE,PSC-PSOE,PARTIT DELS SOCIALISTES DE CATALUNYA,es-351,http://www.juntaelectoralcentral.es/cs/jec/documentos/GENERALES_2011_Candidaturas.pdf,
10,PSOE,PSOE,PARTIDO SOCIALISTA OBRERO ESPAÑOL,es-46,http://www.juntaelectoralcentral.es/cs/jec/documentos/GENERALES_2011_Candidaturas.pdf,
10,UPN-PP,UPN-PP,UNIÓN DEL PUEBLO NAVARRO EN COALICIÓN CON EL PARTIDO POPULAR,"es-244,es-372",http://www.juntaelectoralcentral.es/cs/jec/documentos/GENERALES_2011_Candidaturas.pdf,
10,UPYD,UPyD,UNIÓN PROGRESO Y DEMOCRACIA,es-3779,http://www.juntaelectoralcentral.es/cs/jec/documentos/GENERALES_2011_Candidaturas.pdf,
11,CANARIAS DECIDE,CANARIAS DECIDE,"CANARIAS DECIDE: LOS VERDES, UNIDAD DEL PUEBLO Y ALTERNATIVA REPUBLICANA","es-699,es-1882,es-4814",http://www.juntaelectoralcentral.es/cs/jec/doctrina/acuerdos?idacuerdoinstruccion=35480&idsesion=861&template=Doctrina/JEC_Detalle,
11,CCA-PNC,CCA-PNC,COALICIÓN CANARIA-PARTIDO NACIONALISTA CANARIO,"es-1807,es-181",http://www.juntaelectoralcentral.es/cs/jec/documentos/GENERALES_2015_CandidaturasProclamadas.pdf,
11,CS,CS,CIUDADANOS-PARTIDO DE LA CIUDADANIA,es-3184,http://www.juntaelectoralcentral.es/cs/jec/documentos/GENERALES_2015_CandidaturasProclamadas.pdf,
11,DL,DL,DEMOCRÀCIA I LLIBERTAT. CONVERGÈNCIA. DEMÒCRATES. REAGRUPAMENT,"es-71,es-5737,es-1000051",http://www.juntaelectoralcentral.es/cs/jec/doctrina/acuerdos?idacuerdoinstruccion=35480&idsesion=861&template=Doctrina/JEC_Detalle,
11,EAJ-PNV,EAJ-PNV,EUZKO ALDERDI JELTZALEA-PARTIDO NACIONALISTA VASCO,es-170,http://www.juntaelectoralcentral.es/cs/jec/documentos/GENERALES_2015_CandidaturasProclamadas.pdf,
11,EH BILDU,EH BILDU,EUSKAL HERRIA BILDU,es-4933,http://www.juntaelectoralcentral.es/cs/jec/documentos/GENERALES_2015_CandidaturasProclamadas.pdf,
11,EN COMÚ,EN COMÚ,EN COMÚ PODEM,"es-5201,es-1875,es-876,es-4940",http://www.juntaelectoralcentral.es/cs/jec/doctrina/acuerdos?idacuerdoinstruccion=35480&idsesion=861&template=Doctrina/JEC_Detalle,
11,ERC-CATSÍ,ERC-CATSI,ESQUERRA REPUBLICANA DE CATALUNYA - CATALUNYA SI,"es-166,es-4708",http://www.juntaelectoralcentral.es/cs/jec/documentos/C1.%20ERC-CATSI.pdf,
11,IU-UPEC,IU-UPEC,"UNIDAD POPULAR: IZQUIERDA UNIDA, UNIDAD POPULAR EN COMÚN, CHUNTA ARAGONESISTA, IZQUIERDA ASTURIANA, BATZARRE-ASAMBLEA DE IZQUIERDAS, CONSTRUYENDO LA IZQUIERDA-ALTERNATIVA SOCIALISTA, ENTRE TOD@S SÍ SE PUEDE CÓRDOBA, SEGOVIEMOS, IZQUIERDA CASTELLANA","es-1309,es-5743,es-810,es-1285,es-1118,es-100012,es-1000053,es-100037,es-2273",http://www.juntaelectoralcentral.es/cs/jec/doctrina/acuerdos?idacuerdoinstruccion=35480&idsesion=861&template=Doctrina/JEC_Detalle,
11,POD-AAA EN COMÚN,PODEMOS-AAA EN COMÚN,PODEMOS-AHORA ALTO ARAGÓN EN COMÚN,"es-4940,es-5967",http://www.juntaelectoralcentral.es/cs/jec/documentos/GENERALES_2015_CandidaturasProclamadas.pdf,
11,PODEMOS,PODEMOS,PODEMOS,es-4940,http://www.juntaelectoralcentral.es/cs/jec/documentos/GENERALES_2015_CandidaturasProclamadas.pdf,
11,PODEMOS-COMPROMÍS,PODEMOS-COMPROMÍS,COMPROMÍS-PODEMOS- ÉS EL MOMENT,"es-1869,es-3771,es-2997,es-4054,es-4940",http://www.juntaelectoralcentral.es/cs/jec/doctrina/acuerdos?idacuerdoinstruccion=35480&idsesion=861&template=Doctrina/JEC_Detalle,
11,PODEMOS-EN MAREA-ANOVA-EU,PODEMOS-En Marea-ANOVA-EU,EN MAREA,"es-4940,es-1821,es-4793",http://www.juntaelectoralcentral.es/cs/jec/doctrina/acuerdos?idacuerdoinstruccion=35480&idsesion=861&template=Doctrina/JEC_Detalle,
11,PP,PP,PARTIDO POPULAR,es-244,http://www.juntaelectoralcentral.es/cs/jec/documentos/GENERALES_2015_CandidaturasProclamadas.pdf,
11,PP-FORO,PP-FORO,PARTIDO POPULAR - FORO,"es-244,es-4321",http://www.juntaelectoralcentral.es/cs/jec/documentos/GENERALES_2015_CandidaturasProclamadas.pdf,
11,PP-PAR,PP-PAR,PARTIDO POPULAR EN COALICIÓN CON EL PARTIDO ARAGONÉS,"es-244,es-315",http://www.juntaelectoralcentral.es/cs/jec/documentos/GENERALES_2015_CandidaturasProclamadas.pdf,
11,PSC-PSOE,PSC-PSOE,PARTIT DELS SOCIALISTES DE CATALUNYA,es-351,http://www.juntaelectoralcentral.es/cs/jec/documentos/GENERALES_2015_CandidaturasProclamadas.pdf,
11,PSOE,PSOE,PARTIDO SOCIALISTA OBRERO ESPAÑOL,es-46,http://www.juntaelectoralcentral.es/cs/jec/documentos/GENERALES_2015_CandidaturasProclamadas.pdf,
11,PSOE-NCA,PSOE-NCa,PARTIDO SOCIALISTA OBRERO ESPAÑOL - NUEVA CANARIAS,"es-46,es-3021",http://www.juntaelectoralcentral.es/cs/jec/documentos/GENERALES_2015_CandidaturasProclamadas.pdf,
11,UPN-PP,UPN-PP,UNIÓN DEL PUEBLO NAVARRO EN COALICIÓN CON EL PARTIDO POPULAR,"es-244,es-372",http://www.juntaelectoralcentral.es/cs/jec/documentos/JEPNavarra_UPN-PP.pdf,
12,C-P-EUPV,PODEMOS-Compromís-EUPV,Compromís - PODEMOS - EUPV: A la Valenciana,"es-1869,es-3771,es-2997,es-4054,es-1266,es-4940",http://www.juntaelectoralcentral.es/cs/jec/documentos/C7.%20PODEMOS-Comprom%C3%ADs-EUPV.pdf,
12,CCA-PNC,CCA-PNC,COALICIÓN CANARIA-PARTIDO NACIONALISTA CANARIO,"es-1807,es-181",http://www.juntaelectoralcentral.es/cs/jec/documentos/GENERALES_2016_CandidaturasProclamadas.pdf,
12,CDC,CDC,CONVERGÈNCIA DEMOCRÀTICA DE CATALUNYA,es-71,http://www.juntaelectoralcentral.es/cs/jec/documentos/GENERALES_2016_CandidaturasProclamadas.pdf,
12,CS,CS,CIUDADANOS-PARTIDO DE LA CIUDADANIA,es-3184,http://www.juntaelectoralcentral.es/cs/jec/documentos/GENERALES_2016_CandidaturasProclamadas.pdf,
12,EAJ-PNV,EAJ-PNV,EUZKO ALDERDI JELTZALEA-PARTIDO NACIONALISTA VASCO,es-170,http://www.juntaelectoralcentral.es/cs/jec/documentos/GENERALES_2016_CandidaturasProclamadas.pdf,
12,ECP,ECP,EN COMÚ PODEM-GUANYEM EL CANVI,"es-5201,es-5759,es-1875,es-876,es-4940",http://www.juntaelectoralcentral.es/cs/jec/documentos/C9.%20ECP.pdf,
12,EH BILDU,EH BILDU,EUSKAL HERRIA BILDU,es-4933,http://www.juntaelectoralcentral.es/cs/jec/documentos/GENERALES_2016_CandidaturasProclamadas.pdf,
12,EM-P-A-EU,PODEMOS-EU-MAS,"PODEMOS-EU-MAS, EIVISSA I FORMENTERA","es-4940,es-1309,es-4793",http://www.juntaelectoralcentral.es/cs/jec/documentos/C8.%20PODEMOS%20-%20EN%20MAREA%20-%20ANOVA%20-%20EU.pdf,
12,ERC-CATSÍ,ERC-CATSI,ESQUERRA REPUBLICANA/CATALUNYA SÍ,"es-166,es-4708",http://www.juntaelectoralcentral.es/cs/jec/documentos/C1.%20ERC-CATSI.pdf,
12,GBAI,GBAI,GEROA BAI,"es-170,es-4487",http://www.juntaelectoralcentral.es/cs/jec/documentos/JEPNavarra_GBAI.pdf,
12,H-RTS-Ln,H-RTS-Ln,HEGOALDE RIOJA - LIBERTAD NAVARRA,"es-5537,es-4882",http://www.juntaelectoralcentral.es/cs/jec/documentos/JEPRioja_HEGOALDERIOJA.pdf,
12,PP,PP,PARTIDO POPULAR,es-244,http://www.juntaelectoralcentral.es/cs/jec/documentos/GENERALES_2016_CandidaturasProclamadas.pdf,
12,PP-FORO,PP-FORO,PARTIDO POPULAR - FORO,"es-244,es-4321",http://www.juntaelectoralcentral.es/cs/jec/documentos/GENERALES_2016_CandidaturasProclamadas.pdf,
12,PP-PAR,PP-PAR,PARTIDO POPULAR EN COALICIÓN CON EL PARTIDO ARAGONÉS,"es-244,es-315",http://www.juntaelectoralcentral.es/cs/jec/documentos/C4.%20PP-PAR.pdf,
12,PSC-PSOE,PSC-PSOE,PARTIT DELS SOCIALISTES DE CATALUNYA,es-351,http://www.juntaelectoralcentral.es/cs/jec/documentos/GENERALES_2016_CandidaturasProclamadas.pdf,
12,PSDG-PSOE,PSDG-PSOE,PARTIDO DOS SOCIALISTAS DE GALICIA-PSOE,es-46,http://www.juntaelectoralcentral.es/cs/jec/documentos/GENERALES_2016_CandidaturasProclamadas.pdf,
12,PSE-EE-PSOE,PSE-EE-PSOE,PARTIDO SOCIALISTA DE EUSKADI-EUSKADIKO EZKERRA,es-1356,http://www.juntaelectoralcentral.es/cs/jec/documentos/GENERALES_2016_CandidaturasProclamadas.pdf,
12,PSOE,PSOE,PARTIDO SOCIALISTA OBRERO ESPAÑOL,es-46,http://www.juntaelectoralcentral.es/cs/jec/documentos/GENERALES_2016_CandidaturasProclamadas.pdf,
12,PSOE-NCA,PSOE-NCa,PARTIDO SOCIALISTA OBRERO ESPAÑOL-NUEVA CANARIAS,"es-46,es-3021",http://www.juntaelectoralcentral.es/cs/jec/documentos/C3.%20PSOE-NCa.pdf,
12,SI,SI,SOBIRANIA PER A LES ILLES,"es-1739,es-1739",http://www.juntaelectoralcentral.es/cs/jec/documentos/JEPBalears_SOBIRANIA.pdf,
12,UP,PODEMOS-IU-EQUO-CLIAS,UNIDOS PODEMOS,"es-4940,es-1309,es-4338,es-1000043,es-1118,es-5743,es-1285,es-100012,es-100037,es-2273,es-4528",https://app.juntaelectoralcentral.es/svtjec/descargarFichero?tipo=tipoCoalicion&codigoCoalicion=1611,
12,UPM,PODEMOS-EU-MAS,"PODEMOS-EU-MAS, EIVISSA I FORMENTERA","es-4940,es-1775,es-4846",http://www.juntaelectoralcentral.es/cs/jec/documentos/JEPBalears_PODEMOS-EU-MAS.pdf,
12,UPN-PP,UPN-PP,UNIÓN DEL PUEBLO NAVARRO EN COALICIÓN CON EL PARTIDO POPULAR,"es-244,es-372",http://www.juntaelectoralcentral.es/cs/jec/documentos/JEPNavarra_UPN-PP.pdf,
13,C:B-I-V,COMPROMÍS 2019,COMPROMÍS: BLOC-INICIATIVA-VERDSEQUO,"es-1869,es-3771,es-2997,es-4054",http://www.juntaelectoralcentral.es/cs/jec/documentos/GENERALES_2019_Candidaturas%20proclamadas.pdf,
13,CCA-PNC,CCA-PNC,COALICIÓN CANARIA-PARTIDO NACIONALISTA CANARIO,"es-1807,es-181",http://www.juntaelectoralcentral.es/cs/jec/documentos/GENERALES_2019_Candidaturas%20proclamadas.pdf,
13,CS,CS,CIUDADANOS-PARTIDO DE LA CIUDADANIA,es-3184,http://www.juntaelectoralcentral.es/cs/jec/documentos/GENERALES_2019_Candidaturas%20proclamadas.pdf,
13,EAJ-PNV,EAJ-PNV,EUZKO ALDERDI JELTZALEA-PARTIDO NACIONALISTA VASCO,es-170,http://www.juntaelectoralcentral.es/cs/jec/documentos/GENERALES_2019_Candidaturas%20proclamadas.pdf,
13,EC-UP,PODEMOS-EU,EN COMÚN-UNIDAS PODEMOS,"es-4940,es-1821",http://www.juntaelectoralcentral.es/cs/jec/documentos/GENERALES_2019_Candidaturas%20proclamadas.pdf,
13,ECP,ECP-GUANYEM EL CANVI,EN COMÚ PODEM-GUANYEM EL CANVI,"es-5201,es-5759,es-876,es-1875,es-5756,es-4940",https://app.juntaelectoralcentral.es/svtjec/descargarFichero?tipo=tipoCoalicion&codigoCoalicion=2769,
13,EH BILDU,EH BILDU,EUSKAL HERRIA BILDU,es-4933,http://www.juntaelectoralcentral.es/cs/jec/documentos/GENERALES_2019_Candidaturas%20proclamadas.pdf,
13,ERC-S,ERC-SOBIRANISTES,ESQUERRA REPUBLICANA DE CATALUNYA-SOBIRANISTES,"es-166,es-6151",https://app.juntaelectoralcentral.es/svtjec/descargarFichero?tipo=tipoCoalicion&codigoCoalicion=2729,
13,GBAI,GEROA BAI,GEROA BAI,"es-170,es-4487",http://www.juntaelectoralcentral.es/cs/jec/documentos/Pacto%20coalicion%20-%20Navarra%20-%20Geroa%20Bai.pdf,
13,JXCAT-JUNTS,JUNTS,JUNTS,"es-5819,es-71,es-6102",https://app.juntaelectoralcentral.es/svtjec/descargarFichero?tipo=tipoCoalicion&codigoCoalicion=2762,
13,NA+,NA+,NAVARRA SUMA,"es-3184,es-372",http://www.juntaelectoralcentral.es/cs/jec/documentos/Pacto%20de%20coalicion%20-%20Navarra%20-%20Navarra%20Suma.pdf,
13,PP,PP,PARTIDO POPULAR,es-244,http://www.juntaelectoralcentral.es/cs/jec/documentos/GENERALES_2019_Candidaturas%20proclamadas.pdf,
13,PP-FORO,PP-FORO,PARTIDO POPULAR - FORO,"es-244,es-4321",http://www.juntaelectoralcentral.es/cs/jec/documentos/GENERALES_2019_Candidaturas%20proclamadas.pdf,
13,PRC,PRC,PARTIDO REGIONALISTA DE CANTABRIA,es-362,http://www.juntaelectoralcentral.es/cs/jec/documentos/GENERALES_2019_Candidaturas%20proclamadas.pdf,
13,PSC-PSOE,PSC-PSOE,PARTIT DELS SOCIALISTES DE CATALUNYA,es-351,http://www.juntaelectoralcentral.es/cs/jec/documentos/GENERALES_2019_Candidaturas%20proclamadas.pdf,
13,PSDEG-PSOE,PSDEG-PSOE,PARTIDO DOS SOCIALISTAS DE GALICIA-PSOE,es-46,http://www.juntaelectoralcentral.es/cs/jec/documentos/GENERALES_2019_Candidaturas%20proclamadas.pdf,
13,PSE-EE-PSOE,PSE-EE-PSOE,PARTIDO SOCIALISTA DE EUSKADI-EUSKADIKO EZKERRA,es-1356,http://www.juntaelectoralcentral.es/cs/jec/documentos/GENERALES_2019_Candidaturas%20proclamadas.pdf,
13,PSOE,PSOE,PARTIDO SOCIALISTA OBRERO ESPAÑOL,es-46,http://www.juntaelectoralcentral.es/cs/jec/documentos/GENERALES_2019_Candidaturas%20proclamadas.pdf,
13,UP,PODEMOS-IU-EQUO,UNIDAS PODEMOS,"es-4940,es-1309,es-4338,es-1118,es-5967",https://app.juntaelectoralcentral.es/svtjec/descargarFichero?tipo=tipoCoalicion&codigoCoalicion=2760,
13,VOX,VOX,VOX,es-4881,http://www.juntaelectoralcentral.es/cs/jec/documentos/GENERALES_2019_Candidaturas%20proclamadas.pdf,
14,¡TERUEL EXISTE!,MÉS COMPROMÍS,TERUEL EXISTE,es-6779,http://www.juntaelectoralcentral.es/cs/jec/documentos/Generales_2019-R_Candidaturas%20proclamadas.pdf,
14,BNG,BNG,BLOQUE NACIONALISTA GALEGO,es-1765,http://www.juntaelectoralcentral.es/cs/jec/documentos/Generales_2019-R_Candidaturas%20proclamadas.pdf,
14,"CCA-PNC-NC,NC-CCA-PNC",NC-CCa-PNC,NUEVA CANARIAS-COALICIÓN CANARIA,"es-1807,es-3021,es-181",https://app.juntaelectoralcentral.es/svtjec/descargarFichero?tipo=tipoCoalicion&codigoCoalicion=32442,La coalición ante la JEC solo nombra CCa y Nc. No obstante la candidatura y los diputados tienen las siglas de los tres partidos
14,CS,CS,CIUDADANOS-PARTIDO DE LA CIUDADANIA,es-3184,http://www.juntaelectoralcentral.es/cs/jec/documentos/Generales_2019-R_Candidaturas%20proclamadas.pdf,
14,CUP-PR,CUP-PR,CANDIDATURA D'UNITAT POPULAR-PER LA RUPTURA,"es-1107,es-5335",https://app.juntaelectoralcentral.es/svtjec/descargarFichero?tipo=tipoCoalicion&codigoCoalicion=32436,
14,EAJ-PNV,EAJ-PNV,EUZKO ALDERDI JELTZALEA-PARTIDO NACIONALISTA VASCO,es-170,http://www.juntaelectoralcentral.es/cs/jec/documentos/Generales_2019-R_Candidaturas%20proclamadas.pdf,
14,EC-UP,PODEMOS-EU,EN COMÚN-UNIDAS PODEMOS,"es-4940,es-1821",https://app.juntaelectoralcentral.es/svtjec/descargarFichero?tipo=tipoCoalicion&codigoCoalicion=32444,
14,ECP-GUAYEM EL CANVI,ECP-GUANYEM EL CANVI,EN COMÚ PODEM-GUANYEM EL CANVI,"es-5759,es-5756,es-4940",https://app.juntaelectoralcentral.es/svtjec/descargarFichero?tipo=tipoCoalicion&codigoCoalicion=32440,
14,EH BILDU,EH BILDU,EUSKAL HERRIA BILDU,es-4933,http://www.juntaelectoralcentral.es/cs/jec/documentos/Generales_2019-R_Candidaturas%20proclamadas.pdf,
14,ERC-S,ERC-S,ESQUERRA REPUBLICANA DE CATALUNYA-SOBIRANISTES,"es-166,es-6151",https://app.juntaelectoralcentral.es/svtjec/descargarFichero?tipo=tipoCoalicion&codigoCoalicion=32424,
14,GBAI,GBAI,GEROA BAI,"es-170,es-4487",http://www.juntaelectoralcentral.es/cs/jec/documentos/JEPNavarra-COALICION%20GEROA%20BAI.pdf,
14,"JXCAT-JUNTS,JXCAT-JUNTS (JUNTS),JXCAT-JUNTS (PDECAT)",JUNTS,JUNTS,"es-5819,es-6102",https://app.juntaelectoralcentral.es/svtjec/descargarFichero?tipo=tipoCoalicion&codigoCoalicion=32427,
14,MÁS PAÍS-EQUO,MÁS PAÍS-EQUO,MÁS PAÍS-EQUO,"es-4338,es-6712",https://app.juntaelectoralcentral.es/svtjec/descargarFichero?tipo=tipoCoalicion&codigoCoalicion=32446,
14,MÉS COMPROMÍS,MÉS COMPROMÍS,MÉS COMPROMÍS,"es-1869,es-3771,es-2997,es-4054,es-6712",https://app.juntaelectoralcentral.es/svtjec/descargarFichero?tipo=tipoCoalicion&codigoCoalicion=32447,
14,NA+,NA+,NAVARRA SUMA,"es-3184,es-372",http://www.juntaelectoralcentral.es/cs/jec/documentos/JEPNavarra-COALICION%20NAVARRA%20SUMA.pdf,
14,PP,PP,PARTIDO POPULAR,es-244,http://www.juntaelectoralcentral.es/cs/jec/documentos/Generales_2019-R_Candidaturas%20proclamadas.pdf,
14,PP-FORO,PP-FORO,PARTIDO POPULAR - FORO,"es-244,es-4321",http://www.juntaelectoralcentral.es/cs/jec/documentos/JEPAsturias-COALICION%20PP-FORO.pdf,
14,PRC,PRC,PARTIDO REGIONALISTA DE CANTABRIA,es-362,http://www.juntaelectoralcentral.es/cs/jec/documentos/Generales_2019-R_Candidaturas%20proclamadas.pdf,
14,PSC-PSOE,PSC-PSOE,PARTIT DELS SOCIALISTES DE CATALUNYA,es-351,http://www.juntaelectoralcentral.es/cs/jec/documentos/Generales_2019-R_Candidaturas%20proclamadas.pdf,
14,PSDEG-PSOE,PSDEG-PSOE,PARTIDO DOS SOCIALISTAS DE GALICIA-PSOE,es-46,http://www.juntaelectoralcentral.es/cs/jec/documentos/Generales_2019-R_Candidaturas%20proclamadas.pdf,
14,PSE-EE-PSOE,PSE-EE-PSOE,PARTIDO SOCIALISTA DE EUSKADI-EUSKADIKO EZKERRA,es-1356,http://www.juntaelectoralcentral.es/cs/jec/documentos/Generales_2019-R_Candidaturas%20proclamadas.pdf,
14,PSOE,PSOE,PARTIDO SOCIALISTA OBRERO ESPAÑOL,es-46,http://www.juntaelectoralcentral.es/cs/jec/documentos/Generales_2019-R_Candidaturas%20proclamadas.pdf,
14,UP,PODEMOS-IU,UNIDAS PODEMOS,"es-4940,es-1309,es-1118,es-5967",https://app.juntaelectoralcentral.es/svtjec/descargarFichero?tipo=tipoCoalicion&codigoCoalicion=32389,
14,VOX,VOX,VOX,es-4881,http://www.juntaelectoralcentral.es/cs/jec/documentos/Generales_2019-R_Candidaturas%20proclamadas.pdf,
